{"name":"620f5495-16c0-44fd-8f1a-ab3c05067a52","id":"/providers/Microsoft.Flow/flows/620f5495-16c0-44fd-8f1a-ab3c05067a52","type":"Microsoft.Flow/flows","properties":{"apiId":"/providers/Microsoft.PowerApps/apis/shared_logicflows","displayName":"lab_reqAbj1","definition":{"metadata":{"workflowEntityId":null,"processAdvisorMetadata":null,"flowChargedByPaygo":null,"flowclientsuspensionreason":"None","flowclientsuspensiontime":null,"flowclientsuspensionreasondetails":null,"creator":{"id":"fe2e1ff3-8e6c-48ff-8f9d-dd4a0d15fa12","type":"User","tenantId":"1588262d-23fb-43b4-bd6e-bce49c8e6186"},"provisioningMethod":"FromDefinition","failureAlertSubscription":true,"clientLastModifiedTime":"2024-11-30T07:46:27.0105565Z","connectionKeySavedTimeKey":"2024-11-30T07:46:27.0105565Z"},"$schema":"https://schema.management.azure.com/providers/Microsoft.Logic/schemas/2016-06-01/workflowdefinition.json#","contentVersion":"1.0.0.0","parameters":{"$authentication":{"defaultValue":{},"type":"SecureObject"},"$connections":{"defaultValue":{},"type":"Object"}},"triggers":{"When_an_item_is_created":{"recurrence":{"frequency":"Minute","interval":1},"splitOn":"@triggerOutputs()?['body/value']","type":"OpenApiConnection","inputs":{"parameters":{"dataset":"https://iomint.sharepoint.com/teams/IOMAbujaMainoffice/MHAC","table":"b6c12b6b-2e79-4d6d-998b-c0e23c76d856"},"host":{"apiId":"/providers/Microsoft.PowerApps/apis/shared_sharepointonline","connectionName":"shared_sharepointonline","operationId":"GetOnNewItems"},"authentication":"@parameters('$authentication')"}}},"actions":{"Condition":{"actions":{"Send_an_email_(V2)_(No_Fee)_":{"type":"OpenApiConnection","inputs":{"parameters":{"emailMessage/To":"abujamhaclaboratory@iom.int","emailMessage/Subject":"LabREQ-[Abuja]: (No fee) Ref ID: @{triggerBody()?['field_0']} from Dr.@{triggerBody()?['field_19']}","emailMessage/Body":"<p class=\"editor-paragraph\">Dear Team,</p><p class=\"editor-paragraph\"><br>Please proceed to collect Specimen for Request with <b><strong class=\"editor-text-bold\">Ref ID</strong></b>: @{triggerBody()?['field_0']}.</p><br><p class=\"editor-paragraph\">Client has already made payment as confirmed by Dr @{triggerBody()?['field_18']}</p><br><p class=\"editor-paragraph\"><b><strong class=\"editor-text-bold\">*DO NOT REPLY TO THIS MAIL*</strong></b><br><br><i><em class=\"editor-text-italic\">This is an auto-generated notification.</em></i></p><br><p class=\"editor-paragraph\"><b><strong class=\"editor-text-bold\">LabREQ Support Team</strong></b></p><p class=\"editor-paragraph\"><b><strong class=\"editor-text-bold\">IOM MHAC Nigeria</strong></b></p><br>","emailMessage/Bcc":"eimoriafe@iom.int;pmiremba@iom.int","emailMessage/Importance":"Normal"},"host":{"apiId":"/providers/Microsoft.PowerApps/apis/shared_office365","connectionName":"shared_office365","operationId":"SendEmailV2"},"authentication":"@parameters('$authentication')"}}},"runAfter":{},"else":{"actions":{"Send_an_email_(V2)_(New_Test_Request_from_Abuja)":{"type":"OpenApiConnection","inputs":{"parameters":{"emailMessage/To":"fdaramola@iom.int;nugwu@iom.int;innagboro@iom.int;kiamadi@iom.int","emailMessage/Subject":"LabREQ-[Abuja] New Test Ref: @{triggerBody()?['field_0']} from Dr. @{triggerBody()?['field_19']}","emailMessage/Body":"<p class=\"editor-paragraph\">Dear Team,</p><br><p class=\"editor-paragraph\">Please confirm payment for Test request with <b><strong class=\"editor-text-bold\">Ref ID</strong></b>: @{triggerBody()?['field_0']}on the <a href=\"https://apps.powerapps.com/play/e/ea072ebe-864c-ef90-877e-cd2a5203c358/a/3de644cf-dfe7-4563-92d9-bff8cd1b2c0f?tenantId=1588262d-23fb-43b4-bd6e-bce49c8e6186&amp;hint=acc56cfe-caf3-4c6d-8218-7fbf8dd503cb&amp;sourcetime=1729756740969#\" class=\"editor-link\">App</a></p><br><p class=\"editor-paragraph\"><b><strong class=\"editor-text-bold\">*DO NOT REPLY TO THIS MAIL*</strong></b></p><br><p class=\"editor-paragraph\"><i><em class=\"editor-text-italic\">This is an auto-generated notification.</em></i></p><br><p class=\"editor-paragraph\"><b><strong class=\"editor-text-bold\">LabREQ Support Team</strong></b></p><p class=\"editor-paragraph\"><b><strong class=\"editor-text-bold\">IOM MHAC Nigeria</strong></b></p><br>","emailMessage/Bcc":"ictlagosng@iom.int;pmiremba@iom.int","emailMessage/Importance":"Normal"},"host":{"apiId":"/providers/Microsoft.PowerApps/apis/shared_office365","connectionName":"shared_office365","operationId":"SendEmailV2"},"authentication":"@parameters('$authentication')"}},"Send_an_email_(V2)-Notification_to_Abuja_Doctors":{"type":"OpenApiConnection","inputs":{"parameters":{"emailMessage/To":"abujamhacphysicians@iom.int","emailMessage/Subject":"LabREQ-[Abuja] New Test Ref: @{triggerBody()?['field_0']} from Dr. @{triggerBody()?['field_18']}","emailMessage/Body":"<p class=\"editor-paragraph\">The test request with Ref ID :@{triggerBody()?['field_2']} has been routed to the Finance team for Payment review.</p><br><p class=\"editor-paragraph\"><i><em class=\"editor-text-italic\">This is an autogenerated notification ,please do not reply to this mail.</em></i></p><br><p class=\"editor-paragraph\"><b><strong class=\"editor-text-bold\">LabREQ Support Team</strong></b></p><p class=\"editor-paragraph\"><b><strong class=\"editor-text-bold\">IOM MHAC Nigeria</strong></b></p>","emailMessage/Bcc":"ictlagosng@iom.int;pmiremba@iom.int","emailMessage/Importance":"Normal"},"host":{"apiId":"/providers/Microsoft.PowerApps/apis/shared_office365","connectionName":"shared_office365","operationId":"SendEmailV2"},"authentication":"@parameters('$authentication')"}}}},"expression":{"and":[{"equals":["@triggerBody()?['Approval_Stat/Value']",0]}]},"type":"If"}},"outputs":{}},"connectionReferences":{"shared_sharepointonline":{"connectionName":"shared-sharepointonl-4e9145a5-b886-4640-b19b-bb73c220c374","source":"Embedded","id":"/providers/Microsoft.PowerApps/apis/shared_sharepointonline","tier":"NotSpecified","apiName":"sharepointonline"},"shared_office365":{"connectionName":"8c2a7f878c9a45889afdff5f64113ef6","source":"Embedded","id":"/providers/Microsoft.PowerApps/apis/shared_office365","tier":"NotSpecified","apiName":"office365"}},"flowFailureAlertSubscribed":false,"isManaged":false}}