{"name":"57faa0e8-32ab-455a-91cd-0f1ab263edc3","id":"/providers/Microsoft.Flow/flows/57faa0e8-32ab-455a-91cd-0f1ab263edc3","type":"Microsoft.Flow/flows","properties":{"apiId":"/providers/Microsoft.PowerApps/apis/shared_logicflows","displayName":"lab_reqLag1","definition":{"metadata":{"workflowEntityId":null,"processAdvisorMetadata":null,"flowChargedByPaygo":null,"flowclientsuspensionreason":"None","flowclientsuspensiontime":null,"flowclientsuspensionreasondetails":null,"creator":{"id":"fe2e1ff3-8e6c-48ff-8f9d-dd4a0d15fa12","type":"User","tenantId":"1588262d-23fb-43b4-bd6e-bce49c8e6186"},"provisioningMethod":"FromDefinition","failureAlertSubscription":true,"clientLastModifiedTime":"2024-11-27T17:31:54.5347209Z","connectionKeySavedTimeKey":"2024-11-27T17:31:54.5347209Z"},"$schema":"https://schema.management.azure.com/providers/Microsoft.Logic/schemas/2016-06-01/workflowdefinition.json#","contentVersion":"1.0.0.0","parameters":{"$authentication":{"defaultValue":{},"type":"SecureObject"},"$connections":{"defaultValue":{},"type":"Object"}},"triggers":{"When_an_item_is_created":{"recurrence":{"frequency":"Minute","interval":1},"splitOn":"@triggerOutputs()?['body/value']","type":"OpenApiConnection","inputs":{"parameters":{"dataset":"https://iomint.sharepoint.com/teams/IOMAbujaMainoffice/MHAC","table":"ad2ff024-d4ce-4f62-a57a-60c1fe530c36"},"host":{"apiId":"/providers/Microsoft.PowerApps/apis/shared_sharepointonline","connectionName":"shared_sharepointonline","operationId":"GetOnNewItems"},"authentication":"@parameters('$authentication')"}}},"actions":{"Condition":{"actions":{"Send_an_email_(V2)_(_No_fee_request_for_Lab_Team)":{"type":"OpenApiConnection","inputs":{"parameters":{"emailMessage/To":"lagosadminfinance@iom.int","emailMessage/Subject":"LabREQ-[Lagos] (No fee) Ref ID:@{triggerBody()?['field_0']} from Dr. @{triggerBody()?['field_19']} ","emailMessage/Body":"<p class=\"editor-paragraph\">Dear Team,</p><br><p class=\"editor-paragraph\">Client has made pre-payment on this request with <b><strong class=\"editor-text-bold\">Ref ID: </strong></b>@{triggerBody()?['field_0']}, please approve and forward to the Lab team for specimen collection.</p><p class=\"editor-paragraph\"><br><b><strong class=\"editor-text-bold\">*DO NOT REPLY TO THIS MAIL*</strong></b></p><p class=\"editor-paragraph\"><br><i><em class=\"editor-text-italic\">This is an auto-generated notification.</em></i></p><br><p class=\"editor-paragraph\"><b><strong class=\"editor-text-bold\">LabREQ Support Team</strong></b></p><p class=\"editor-paragraph\"><b><strong class=\"editor-text-bold\">IOM MHAC Nigeria</strong></b><br><br><br></p><br>","emailMessage/Bcc":"ictlagosng@iom.int;pmiremba@Iom.int;AACHOLA@iom.int","emailMessage/Importance":"Normal"},"host":{"apiId":"/providers/Microsoft.PowerApps/apis/shared_office365","connectionName":"shared_office365","operationId":"SendEmailV2"},"authentication":"@parameters('$authentication')"}},"Send_an_email_(V2)_(Note_to_Doctors)":{"type":"OpenApiConnection","inputs":{"parameters":{"emailMessage/To":"iom_lagos_doctors@iomint.onmicrosoft.com","emailMessage/Subject":"LabREQ-[Lagos] (Notification) Ref ID: @{triggerBody()?['field_0']} ","emailMessage/Body":"<p class=\"editor-paragraph\">Please be informed that the No fee request with Ref ID @{triggerBody()?['field_0']} has been raised by Dr @{triggerBody()?['field_19']} and forwarded to the Finance Team for payment confirmation and routing to the lab team.<br><br><i><em class=\"editor-text-italic\">This is auto-generated notification.</em></i><br><br><b><strong class=\"editor-text-bold\">Do not reply to this mail.</strong></b><br><br><b><strong class=\"editor-text-bold\">LabREQ App Support Team.</strong></b><br><b><strong class=\"editor-text-bold\">IOM MHAC Nigeria</strong></b></p>","emailMessage/Bcc":"pmiremba@iom.int","emailMessage/Importance":"Normal"},"host":{"apiId":"/providers/Microsoft.PowerApps/apis/shared_office365","connectionName":"shared_office365","operationId":"SendEmailV2"},"authentication":"@parameters('$authentication')"}}},"runAfter":{},"else":{"actions":{"Send_an_email_(V2)_(New_test_request_Lagos)":{"type":"OpenApiConnection","inputs":{"parameters":{"emailMessage/To":"lagosadminfinance@iom.int","emailMessage/Subject":"LabREQ-[Lagos] New Test Ref ID:@{triggerBody()?['field_0']} from Dr. @{triggerBody()?['field_19']} ","emailMessage/Body":"<p class=\"editor-paragraph\">Kindly confirm payment for the Test request with <b><strong class=\"editor-text-bold\">Ref ID</strong></b>: @{triggerBody()?['field_0']} on the <a href=\"https://apps.powerapps.com/play/e/ea072ebe-864c-ef90-877e-cd2a5203c358/a/3de644cf-dfe7-4563-92d9-bff8cd1b2c0f?tenantId=1588262d-23fb-43b4-bd6e-bce49c8e6186&amp;hint=acc56cfe-caf3-4c6d-8218-7fbf8dd503cb&amp;sourcetime=1729756740969#\" class=\"editor-link\">App</a>.</p><br><p class=\"editor-paragraph\"><b><strong class=\"editor-text-bold\">*DO NOT REPLY TO THIS MAIL*</strong></b></p><br><p class=\"editor-paragraph\"><i><em class=\"editor-text-italic\">This is an auto-generated notification.</em></i></p><br><br><p class=\"editor-paragraph\"><b><strong class=\"editor-text-bold\">LabREQ Support Team<br></strong></b><b><strong class=\"editor-text-bold\">IOM MHAC Nigeria</strong></b><b><strong class=\"editor-text-bold\"><br></strong></b><br><br></p><br>","emailMessage/Bcc":"ictlagosng@iom.int","emailMessage/Importance":"High"},"host":{"apiId":"/providers/Microsoft.PowerApps/apis/shared_office365","connectionName":"shared_office365","operationId":"SendEmailV2"},"authentication":"@parameters('$authentication')"}},"Send_an_email_(V2)_(Noti_to_Doctors)":{"type":"OpenApiConnection","inputs":{"parameters":{"emailMessage/To":"iom_lagos_doctors@iomint.onmicrosoft.com","emailMessage/Subject":"LabREQ-[Lagos] (Notification) Ref ID: @{triggerBody()?['field_0']} ","emailMessage/Body":"<p class=\"editor-paragraph\">Please be informed that new Test with Ref ID @{triggerBody()?['field_0']} has been raised by Dr @{triggerBody()?['field_19']} and forwarded to the Finance Team for payment confirmation.</p><br><p class=\"editor-paragraph\"><i><em class=\"editor-text-italic\">This is auto-generated notification.</em></i></p><br><p class=\"editor-paragraph\"><b><strong class=\"editor-text-bold\">Do not reply to this mail.</strong></b></p><br><p class=\"editor-paragraph\"><b><strong class=\"editor-text-bold\">LabREQ App Support Team.</strong></b></p><p class=\"editor-paragraph\"><b><strong class=\"editor-text-bold\">IOM MHAC Nigeria</strong></b></p>","emailMessage/Bcc":"lagosmhacphysicians@iom.int;AACHOLA@iom.int;pmiremba@iom.int;ictlagosng@iom.int","emailMessage/Importance":"Normal"},"host":{"apiId":"/providers/Microsoft.PowerApps/apis/shared_office365","connectionName":"shared_office365","operationId":"SendEmailV2"},"authentication":"@parameters('$authentication')"}}}},"expression":{"and":[{"equals":["@triggerBody()?['field_17']",0]}]},"type":"If"}},"outputs":{}},"connectionReferences":{"shared_sharepointonline":{"connectionName":"shared-sharepointonl-4e9145a5-b886-4640-b19b-bb73c220c374","source":"Embedded","id":"/providers/Microsoft.PowerApps/apis/shared_sharepointonline","tier":"NotSpecified","apiName":"sharepointonline"},"shared_office365":{"connectionName":"8c2a7f878c9a45889afdff5f64113ef6","source":"Embedded","id":"/providers/Microsoft.PowerApps/apis/shared_office365","tier":"NotSpecified","apiName":"office365"}},"flowFailureAlertSubscribed":false,"isManaged":false}}