{"name":"e71d61ec-c5c5-4433-b3bd-6e8adae68f02","id":"/providers/Microsoft.Flow/flows/e71d61ec-c5c5-4433-b3bd-6e8adae68f02","type":"Microsoft.Flow/flows","properties":{"apiId":"/providers/Microsoft.PowerApps/apis/shared_logicflows","displayName":"NewUser_on_labREQ","definition":{"metadata":{"workflowEntityId":null,"processAdvisorMetadata":null,"flowChargedByPaygo":null,"flowclientsuspensionreason":"None","flowclientsuspensiontime":null,"flowclientsuspensionreasondetails":null,"creator":{"id":"fe2e1ff3-8e6c-48ff-8f9d-dd4a0d15fa12","type":"User","tenantId":"1588262d-23fb-43b4-bd6e-bce49c8e6186"},"provisioningMethod":"FromDefinition","failureAlertSubscription":true,"clientLastModifiedTime":"2024-12-02T17:58:31.0675448Z","connectionKeySavedTimeKey":"2024-12-02T17:58:31.0675448Z"},"$schema":"https://schema.management.azure.com/providers/Microsoft.Logic/schemas/2016-06-01/workflowdefinition.json#","contentVersion":"1.0.0.0","parameters":{"$authentication":{"defaultValue":{},"type":"SecureObject"},"$connections":{"defaultValue":{},"type":"Object"}},"triggers":{"When_an_item_is_created_or_modified":{"recurrence":{"frequency":"Minute","interval":1},"splitOn":"@triggerOutputs()?['body/value']","type":"OpenApiConnection","inputs":{"parameters":{"dataset":"https://iomint.sharepoint.com/teams/IOMAbujaMainoffice/MHAC","table":"cbb38ad6-4f22-4d1e-919c-f646d9756b30"},"host":{"apiId":"/providers/Microsoft.PowerApps/apis/shared_sharepointonline","connectionName":"shared_sharepointonline","operationId":"GetOnUpdatedItems"},"authentication":"@parameters('$authentication')"}}},"actions":{"Condition":{"actions":{"Send_an_email_(V2)_(Role_Mgt_Log)":{"type":"OpenApiConnection","inputs":{"parameters":{"emailMessage/To":"ictlagosng@iom.int","emailMessage/Subject":"LabREQ-alert User assess","emailMessage/Body":"<p class=\"editor-paragraph\"><b><strong class=\"editor-text-bold\">User action:</strong></b></p><p class=\"editor-paragraph\">@{triggerBody()?['FullName']} from @{triggerBody()?['DutyStation']} has accessed LabREQ with the @{triggerBody()?['Role']} Role.</p><br><p class=\"editor-paragraph\"><b><strong class=\"editor-text-bold\">Last login date: </strong></b>@{triggerBody()?['Last_Login_Date']}</p><p class=\"editor-paragraph\"><b><strong class=\"editor-text-bold\">Last login time: </strong></b>@{triggerBody()?['Last_Login_Time']}</p><br><p class=\"editor-paragraph\"><i><em class=\"editor-text-italic\">This is an autogenerated Notification, do not reply to this mail.</em></i></p><br><p class=\"editor-paragraph\"><b><strong class=\"editor-text-bold\">LabREQ Support</strong></b></p><p class=\"editor-paragraph\"><b><strong class=\"editor-text-bold\">IOM Nigeria</strong></b></p>","emailMessage/Bcc":"eimoriafe@iom.int","emailMessage/Importance":"Normal"},"host":{"apiId":"/providers/Microsoft.PowerApps/apis/shared_office365","connectionName":"shared_office365","operationId":"SendEmailV2"},"authentication":"@parameters('$authentication')"}}},"runAfter":{},"else":{"actions":{"Send_an_email_(V2)_1":{"type":"OpenApiConnection","inputs":{"parameters":{"emailMessage/To":"ictlagosng@iom.int","emailMessage/Subject":"LabREQ-Alert-New User","emailMessage/Body":"<p class=\"editor-paragraph\">@{triggerBody()?['FullName']} has accessed LabREQ using the default @{triggerBody()?['Role']} role.</p><br><p class=\"editor-paragraph\"><b><strong class=\"editor-text-bold\">Login Date</strong></b>: @{triggerBody()?['Last_Login_Date']}</p><p class=\"editor-paragraph\"><b><strong class=\"editor-text-bold\">Login time:</strong></b>@{triggerBody()?['Last_Login_Time']} <b><strong class=\"editor-text-bold\">(West African Time)</strong></b></p><br><p class=\"editor-paragraph\">LabREQ Support Team.</p>","emailMessage/From":"@triggerBody()?['FullName']","emailMessage/Bcc":"eimoriafe@iom.int","emailMessage/Importance":"Normal"},"host":{"apiId":"/providers/Microsoft.PowerApps/apis/shared_office365","connectionName":"shared_office365","operationId":"SendEmailV2"},"authentication":"@parameters('$authentication')"}}}},"expression":{"and":[{"not":{"equals":["@triggerBody()?['Role']","User"]}}]},"type":"If"}},"outputs":{}},"connectionReferences":{"shared_sharepointonline":{"connectionName":"shared-sharepointonl-4e9145a5-b886-4640-b19b-bb73c220c374","source":"Embedded","id":"/providers/Microsoft.PowerApps/apis/shared_sharepointonline","tier":"NotSpecified","apiName":"sharepointonline"},"shared_office365":{"connectionName":"8c2a7f878c9a45889afdff5f64113ef6","source":"Embedded","id":"/providers/Microsoft.PowerApps/apis/shared_office365","tier":"NotSpecified","apiName":"office365"}},"flowFailureAlertSubscribed":false,"isManaged":false}}