{"name":"331966e8-d510-4141-9cb5-8dcf300f5daf","id":"/providers/Microsoft.Flow/flows/331966e8-d510-4141-9cb5-8dcf300f5daf","type":"Microsoft.Flow/flows","properties":{"apiId":"/providers/Microsoft.PowerApps/apis/shared_logicflows","displayName":"lab_reqAbj2_ApprStaChange","definition":{"metadata":{"workflowEntityId":null,"processAdvisorMetadata":null,"flowChargedByPaygo":null,"flowclientsuspensionreason":"None","flowclientsuspensiontime":null,"flowclientsuspensionreasondetails":null,"creator":{"id":"fe2e1ff3-8e6c-48ff-8f9d-dd4a0d15fa12","type":"User","tenantId":"1588262d-23fb-43b4-bd6e-bce49c8e6186"},"provisioningMethod":"FromDefinition","failureAlertSubscription":true,"clientLastModifiedTime":"2024-11-30T14:48:53.4442349Z","connectionKeySavedTimeKey":"2024-11-30T14:48:53.4442349Z"},"$schema":"https://schema.management.azure.com/providers/Microsoft.Logic/schemas/2016-06-01/workflowdefinition.json#","contentVersion":"1.0.0.0","parameters":{"$authentication":{"defaultValue":{},"type":"SecureObject"},"$connections":{"defaultValue":{},"type":"Object"}},"triggers":{"When_an_item_or_a_file_is_modified":{"recurrence":{"frequency":"Minute","interval":1},"splitOn":"@triggerOutputs()?['body/value']","type":"OpenApiConnection","inputs":{"parameters":{"dataset":"https://iomint.sharepoint.com/teams/IOMAbujaMainoffice/MHAC","table":"b6c12b6b-2e79-4d6d-998b-c0e23c76d856"},"host":{"apiId":"/providers/Microsoft.PowerApps/apis/shared_sharepointonline","connectionName":"shared_sharepointonline","operationId":"GetOnChangedItems"},"authentication":"@parameters('$authentication')"}}},"actions":{"Condition(Under_review)":{"actions":{"Send_an_email_(V2)_(Under_review)":{"type":"OpenApiConnection","inputs":{"parameters":{"emailMessage/To":"iomabujadoctors@iomint.onmicrosoft.com;abujamhacphysicians@iom.int","emailMessage/Subject":"LabREQ-[Abuja] Test Ref ID: @{triggerBody()?['field_2']} Status Update.","emailMessage/Body":"<p class=\"editor-paragraph\">Test request with <b><strong class=\"editor-text-bold\">Ref ID</strong></b>: @{triggerBody()?['field_2']} raised by Dr. @{triggerBody()?['field_18']} is now undergoing finance review</p><br><p class=\"editor-paragraph\"><i><em class=\"editor-text-italic\">This is an auto-generated notification.</em></i></p><br><p class=\"editor-paragraph\"><b><strong class=\"editor-text-bold\">*DO NOT REPLY TO THIS MAIL*</strong></b></p><br><p class=\"editor-paragraph\"><b><strong class=\"editor-text-bold\">LabREQ Support Team</strong></b></p><p class=\"editor-paragraph\"><b><strong class=\"editor-text-bold\">IOM MHAC Nigeria</strong></b></p><br>","emailMessage/Bcc":"pmiremba@iom.int;ictlagosng@iom.int","emailMessage/Importance":"Normal"},"host":{"apiId":"/providers/Microsoft.PowerApps/apis/shared_office365","connectionName":"shared_office365","operationId":"SendEmailV2"},"authentication":"@parameters('$authentication')"}}},"runAfter":{},"else":{"actions":{"Condition_(Payment_Confirmed)":{"actions":{"Send_an_email_(V2)_2(Payment_Confirmed)":{"type":"OpenApiConnection","inputs":{"parameters":{"emailMessage/To":"iomabujadoctors@iomint.onmicrosoft.com","emailMessage/Subject":"LabREQ-[Abuja] Test Ref ID: @{triggerBody()?['field_2']} -Status Update","emailMessage/Body":"<p class=\"editor-paragraph\">Payment for the Test Invoice with <b><strong class=\"editor-text-bold\">Ref ID</strong></b>: @{triggerBody()?['field_2']} has been confirmed by @{triggerBody()?['FinanceApproval']} and routed to the Lab team.</p><p class=\"editor-paragraph\"><br><i><em class=\"editor-text-italic\">This is an auto-generated notification.</em></i><br><br><b><strong class=\"editor-text-bold\">*DO NOT REPLY TO THIS MAIL*</strong></b><br><br><b><strong class=\"editor-text-bold\">LabREQ Support Team</strong></b></p><p class=\"editor-paragraph\"><b><strong class=\"editor-text-bold\">IOM MHAC Nigeria</strong></b></p>","emailMessage/Cc":"abujamhacphysicians@iom.int","emailMessage/Bcc":"pmiremba@iom.int","emailMessage/Importance":"Normal"},"host":{"apiId":"/providers/Microsoft.PowerApps/apis/shared_office365","connectionName":"shared_office365","operationId":"SendEmailV2"},"authentication":"@parameters('$authentication')"}},"Send_an_email_(V2)-Mail-to-Abuja_Lab_team":{"type":"OpenApiConnection","inputs":{"parameters":{"emailMessage/To":"abujamhaclaboratory@iom.int","emailMessage/Subject":"LabREQ-[Abuja] Test Ref ID: @{triggerBody()?['field_2']} -Status Update","emailMessage/Body":"<p class=\"editor-paragraph\">Dear Team,</p><br><p class=\"editor-paragraph\">Please proceed to collect the specimen for request with Ref ID: @{triggerBody()?['field_2']}.</p><br><p class=\"editor-paragraph\">Dr. @{triggerBody()?['field_18']}  confirms that the Client has already made payment.</p><br><p class=\"editor-paragraph\"><i><em class=\"editor-text-italic\">This is an auto-generated notification, please do not reply.</em></i></p><br><p class=\"editor-paragraph\"><b><strong class=\"editor-text-bold\">LabREQ App Team</strong></b></p><p class=\"editor-paragraph\"><b><strong class=\"editor-text-bold\">IOM Nigeria</strong></b></p>","emailMessage/Bcc":"pmiremba@iom.int;ictlagosng@iom.int","emailMessage/Importance":"High"},"host":{"apiId":"/providers/Microsoft.PowerApps/apis/shared_office365","connectionName":"shared_office365","operationId":"SendEmailV2"},"authentication":"@parameters('$authentication')"}}},"else":{"actions":{"Condition_(Specimen_collected)":{"actions":{"Send_an_email_(V2)_(Specimen_collected)":{"type":"OpenApiConnection","inputs":{"parameters":{"emailMessage/To":"abujamhacphysicians@iom.int","emailMessage/Subject":"LabREQ-[Abuja] Test Ref ID: @{triggerBody()?['field_2']} Status Update","emailMessage/Body":"<p class=\"editor-paragraph\">Please be informed that Test Ref: @{triggerBody()?['field_2']} has been received by @{triggerBody()?['LabApproval']} and the specimen has been collected.</p><p class=\"editor-paragraph\"><br><i><em class=\"editor-text-italic\">This is an auto-generated notification.</em></i><br><br><b><strong class=\"editor-text-bold\">*Do not reply to this mail*</strong></b><br><br><b><strong class=\"editor-text-bold\">LabREQ Support Team</strong></b></p><p class=\"editor-paragraph\"><b><strong class=\"editor-text-bold\">IOM MHAC Nigeria</strong></b></p><br>","emailMessage/Bcc":"pmiremba@iom.int;ictlagosng@iom.int","emailMessage/Importance":"Normal"},"host":{"apiId":"/providers/Microsoft.PowerApps/apis/shared_office365","connectionName":"shared_office365","operationId":"SendEmailV2"},"authentication":"@parameters('$authentication')"}}},"else":{"actions":{"Condition_(Specimen_not_collected)":{"actions":{"Send_an_email_(V2)_(Specimen_not_collected)":{"type":"OpenApiConnection","inputs":{"parameters":{"emailMessage/To":"abujamhacphysicians@iom.int","emailMessage/Subject":"LabREQ-[Abuja] Test Ref: @{triggerBody()?['field_2']} Status Update","emailMessage/Body":"<p class=\"editor-paragraph\">Please be informed that no specimen was collected for Test Ref: @{triggerBody()?['field_2']} and the request has been closed by @{triggerBody()?['LabApproval']}.<br><br><i><em class=\"editor-text-italic\">This is an auto-generated notification.</em></i><br><br><b><strong class=\"editor-text-bold\">*DO NOT REPLY TO THIS MAIL*</strong></b></p><br><p class=\"editor-paragraph\"><b><strong class=\"editor-text-bold\">LabREQ Support Team</strong></b><br><b><strong class=\"editor-text-bold\">IOM MHAC Nigeria</strong></b></p><br>","emailMessage/Bcc":"pmiremba@iom.int;ictlagosng@iom.int","emailMessage/Importance":"Normal"},"host":{"apiId":"/providers/Microsoft.PowerApps/apis/shared_office365","connectionName":"shared_office365","operationId":"SendEmailV2"},"authentication":"@parameters('$authentication')"}}},"else":{"actions":{}},"expression":{"and":[{"contains":["@triggerBody()?['Approval_Stat/Value']","Specimen not collected"]}]},"type":"If"}}},"expression":{"and":[{"contains":["@triggerBody()?['Approval_Stat/Value']","Specimen collected"]}]},"type":"If"}}},"expression":{"and":[{"contains":["@triggerBody()?['Approval_Stat/Value']","Payment Confirmed"]}]},"type":"If"}}},"expression":{"and":[{"contains":["@triggerBody()?['Approval_Stat/Value']","Under review"]}]},"type":"If"}},"outputs":{}},"connectionReferences":{"shared_sharepointonline":{"connectionName":"shared-sharepointonl-4e9145a5-b886-4640-b19b-bb73c220c374","source":"Embedded","id":"/providers/Microsoft.PowerApps/apis/shared_sharepointonline","tier":"NotSpecified","apiName":"sharepointonline"},"shared_office365":{"connectionName":"8c2a7f878c9a45889afdff5f64113ef6","source":"Embedded","id":"/providers/Microsoft.PowerApps/apis/shared_office365","tier":"NotSpecified","apiName":"office365"}},"flowFailureAlertSubscribed":false,"isManaged":false}}