{"name":"25611c4b-204b-4091-a4c4-c4423623b023","id":"/providers/Microsoft.Flow/flows/25611c4b-204b-4091-a4c4-c4423623b023","type":"Microsoft.Flow/flows","properties":{"apiId":"/providers/Microsoft.PowerApps/apis/shared_logicflows","displayName":"lab_reqLag2_ApprStaChange","definition":{"metadata":{"workflowEntityId":null,"processAdvisorMetadata":null,"flowChargedByPaygo":null,"flowclientsuspensionreason":"None","flowclientsuspensiontime":null,"flowclientsuspensionreasondetails":null,"creator":{"id":"fe2e1ff3-8e6c-48ff-8f9d-dd4a0d15fa12","type":"User","tenantId":"1588262d-23fb-43b4-bd6e-bce49c8e6186"},"provisioningMethod":"FromDefinition","failureAlertSubscription":true,"clientLastModifiedTime":"2024-11-18T16:25:30.8100427Z","connectionKeySavedTimeKey":"2024-11-18T16:25:30.8100427Z"},"$schema":"https://schema.management.azure.com/providers/Microsoft.Logic/schemas/2016-06-01/workflowdefinition.json#","contentVersion":"1.0.0.0","parameters":{"$authentication":{"defaultValue":{},"type":"SecureObject"},"$connections":{"defaultValue":{},"type":"Object"}},"triggers":{"When_an_item_or_a_file_is_modified":{"recurrence":{"frequency":"Minute","interval":1},"splitOn":"@triggerOutputs()?['body/value']","type":"OpenApiConnection","inputs":{"parameters":{"dataset":"https://iomint.sharepoint.com/teams/IOMAbujaMainoffice/MHAC","table":"4173efd6-1e3b-4252-8484-e1afda0a7ced"},"host":{"apiId":"/providers/Microsoft.PowerApps/apis/shared_sharepointonline","connectionName":"shared_sharepointonline","operationId":"GetOnChangedItems"},"authentication":"@parameters('$authentication')"}}},"actions":{"Condition(Under_review)":{"actions":{"Send_an_email_(V2)_(Note_to_Doctors)":{"type":"OpenApiConnection","inputs":{"parameters":{"emailMessage/To":"iom_lagos_doctors@iomint.onmicrosoft.com","emailMessage/Subject":"LabREQ-[Lagos]  Test Ref ID: @{triggerBody()?['field_2']} Status Update","emailMessage/Body":"<p class=\"editor-paragraph\">Test with Ref ID: @{triggerBody()?['field_2']} is now undergoing finance review with the finance team.</p><br><p class=\"editor-paragraph\"><i><em class=\"editor-text-italic\">This is an autogenerated notification.</em></i></p><br><p class=\"editor-paragraph\"><b><strong class=\"editor-text-bold\">LabREQ App Support Team</strong></b></p><p class=\"editor-paragraph\"><b><strong class=\"editor-text-bold\">IOM MHAC Nigeria</strong></b></p>","emailMessage/Bcc":"pmiremba@iom.int;AACHOLA@iom.int;ictlagosng@iom.int","emailMessage/Importance":"Normal"},"host":{"apiId":"/providers/Microsoft.PowerApps/apis/shared_office365","connectionName":"shared_office365","operationId":"SendEmailV2"},"authentication":"@parameters('$authentication')"}}},"runAfter":{},"else":{"actions":{"Condition_(Payment_confirmed)":{"actions":{"Send_an_email_(Payment_Confirmed)":{"type":"OpenApiConnection","inputs":{"parameters":{"emailMessage/To":"iomlagoslab@iomint.onmicrosoft.com","emailMessage/Subject":"LabREQ-[Lagos] Test Ref ID:@{triggerBody()?['field_2']} Status Update","emailMessage/Body":"<p class=\"editor-paragraph\">Dear Team,</p><br><p class=\"editor-paragraph\">Please proceed to collect specimen for Test with <b><strong class=\"editor-text-bold\">Ref ID</strong></b>: @{triggerBody()?['field_2']} as the payment has been confirmed by @{triggerBody()?['FinanceApproval']} of the Finance team.<br><br><b><strong class=\"editor-text-bold\">*DO NOT REPLY TO THIS MAIL*</strong></b><br><br><i><em class=\"editor-text-italic\">This is an autogenerated notification.</em></i><br><br><b><strong class=\"editor-text-bold\">LabREQ App Support Team<br>IOM MHAC Nigeria</strong></b></p>","emailMessage/Bcc":"ictlagosng@iom.int","emailMessage/Importance":"Normal"},"host":{"apiId":"/providers/Microsoft.PowerApps/apis/shared_office365","connectionName":"shared_office365","operationId":"SendEmailV2"},"authentication":"@parameters('$authentication')"}},"Send_an_email_(V2)_(Note_to_Doc_2)":{"type":"OpenApiConnection","inputs":{"parameters":{"emailMessage/To":"iom_lagos_doctors@iomint.onmicrosoft.com","emailMessage/Subject":"LabREQ-[Lagos]: Test Ref ID: @{triggerBody()?['field_2']} Status Update","emailMessage/Body":"<p class=\"editor-paragraph\">Payment for Test with Ref ID: @{triggerBody()?['field_2']} has been confirmed and is now with the Lab team for specimen collection.<br><br>This is an autogenerated notification.<br><br><b><strong class=\"editor-text-bold\">LabREQ App Support Team</strong></b></p><p class=\"editor-paragraph\"><b><strong class=\"editor-text-bold\">IOM MHAC Nigeria</strong></b></p>","emailMessage/Bcc":"pmiremba@iom.int;AACHOLA@iom.int;ictlagosng@iom.int","emailMessage/Importance":"High"},"host":{"apiId":"/providers/Microsoft.PowerApps/apis/shared_office365","connectionName":"shared_office365","operationId":"SendEmailV2"},"authentication":"@parameters('$authentication')"}}},"else":{"actions":{"Condition(Specimen_collected)":{"actions":{"Send_an_email_(Specimen_collected)":{"type":"OpenApiConnection","inputs":{"parameters":{"emailMessage/To":"iom_lagos_doctors@iomint.onmicrosoft.com","emailMessage/Subject":"LabREQ-[Lagos] Test Ref ID@{triggerBody()?['field_2']}: Status Update","emailMessage/Body":"<p class=\"editor-paragraph\">Please be informed that payment confirmation for Test request with <b><strong class=\"editor-text-bold\">Ref ID: </strong></b>@{triggerBody()?['field_2']} has been acknowledged in the Lab and the specimen has been collected by @{triggerBody()?['LabApproval']}.<br><br><b><strong class=\"editor-text-bold\">*DO NOT REPLY TO THIS MAIL*</strong></b><br><br>This is an autogenerated notification.<br><br><b><strong class=\"editor-text-bold\">LabREQ App Support Team<br>IOM MHAC Nigeria</strong></b></p>","emailMessage/Bcc":"pmiremba@iom.int;AACHOLA@iom.int;KSAMSON@iom.int;ictlagosng@iom.int","emailMessage/Importance":"High"},"host":{"apiId":"/providers/Microsoft.PowerApps/apis/shared_office365","connectionName":"shared_office365","operationId":"SendEmailV2"},"authentication":"@parameters('$authentication')"}}},"else":{"actions":{"Condition_(Specimen_not_collected)":{"actions":{"Send_an_email_(Specimen_not_collected)":{"type":"OpenApiConnection","inputs":{"parameters":{"emailMessage/To":"iom_lagos_doctors@iomint.onmicrosoft.com","emailMessage/Subject":"LabREQ-[Lagos] Test Ref ID: @{triggerBody()?['field_2']} Status Update.","emailMessage/Body":"<p class=\"editor-paragraph\">Please be informed that no specimen was collected on request with <b><strong class=\"editor-text-bold\">Ref ID</strong></b>: @{triggerBody()?['field_2']} as payment was not confirmed by the finance team.</p><p class=\"editor-paragraph\">The request has been closed by @{triggerBody()?['LabApproval']}.<br><br><b><strong class=\"editor-text-bold\">*DO NOT REPLY TO THIS MAIL*</strong></b><br><br><i><em class=\"editor-text-italic\">This is an autogenerated notification.</em></i><br><br><b><strong class=\"editor-text-bold\">LabREQ App Support Team<br>IOM MHAC Nigeria</strong></b></p>","emailMessage/Bcc":"AACHOLA@iom.int;pmiremba@iom.int","emailMessage/Importance":"Normal"},"host":{"apiId":"/providers/Microsoft.PowerApps/apis/shared_office365","connectionName":"shared_office365","operationId":"SendEmailV2"},"authentication":"@parameters('$authentication')"}}},"else":{"actions":{}},"expression":{"and":[{"contains":["@triggerBody()?['Approval_Stat/Value']","Specimen not collected"]}]},"type":"If"}}},"expression":{"and":[{"contains":["@triggerBody()?['Approval_Stat/Value']","Specimen collected"]}]},"type":"If"}}},"expression":{"and":[{"contains":["@triggerBody()?['Approval_Stat/Value']","Payment Confirmed"]}]},"type":"If"}}},"expression":{"and":[{"contains":["@triggerBody()?['Approval_Stat/Value']","Under review"]}]},"type":"If"}},"outputs":{}},"connectionReferences":{"shared_sharepointonline":{"connectionName":"shared-sharepointonl-4e9145a5-b886-4640-b19b-bb73c220c374","source":"Embedded","id":"/providers/Microsoft.PowerApps/apis/shared_sharepointonline","tier":"NotSpecified","apiName":"sharepointonline"},"shared_office365":{"connectionName":"8c2a7f878c9a45889afdff5f64113ef6","source":"Embedded","id":"/providers/Microsoft.PowerApps/apis/shared_office365","tier":"NotSpecified","apiName":"office365"}},"flowFailureAlertSubscribed":false,"isManaged":false}}